Title,Company,Location,Salary,Job Type,Date Posted,Summary
"PO, Research & Data Analyst",The Elevation Church,Nigeria,,Full-time,PostedJust posted,Train volunteers on the use of M&E frameworks and digital data collection platforms Provide continuous support to volunteers as required/li> Communications…
QA Tester - Intern,mDoc Healthcare,Lagos,,,EmployerActive 6 days ago,"Advanced knowledge of data security and encryption.
We are seeking an innovative and experienced quality analyst to join our team."
Data Analyst - Healthcare,eMedicStore,Lagos,,,EmployerActive 5 days ago,"Implement new data analysis methodologies and data collection systems.
Leverage data to identify strategic opportunities for competitive advantage."
HR Analyst,Jobrole Consulting Limited,Ikeja,"₦150,000 - ₦200,000 a month",Full-time,PostedPosted 2 days ago,"Analyze and interpret data to generate actionable insights.
Demonstrated ability to interpret data to derive business insights."
Business Intelligence Analyst,TSL Metroline Limited,Lagos,,,PostedPosted 1 day ago,"Analyse business information/ data to identify process improvements that will.
Participate in cross-functional meetings to resolve recurring customer issues for…"
Data Analyst,GVA Partners,Lagos,,Full-time,EmployerActive 5 days ago,"Minimum of 3 years working experience as a data analyst or business data analyst.
Acquire data from primary or secondary data sources and maintain databases…"
IT Analyst,JNC,Lagos,,,EmployerActive 5 days ago,"Knowledge of databases, data processes, program architectures, and data security.
IT analysts handle the analysis, maintenance, and enhancement of information…"
Lab Analyst,Jobrole Consulting Limited,Shagamu,,,EmployerActive 5 days ago,Ensure data are used or processed for the purpose set for such data and ensure absolute confidentiality while processing or using personal data.
IT Analyst,Unilever,Lagos,,,PostedPosted 6 days ago,"Has an owner’s mindset, using data and insight to make decisions.
You are humble and have your head up, looking around to interpret evidence and data smartly,…"
Research Analyst I/II,IFPRI (International Food Policy Research...,Abuja,,,PostedPosted 30+ days ago,"Contribute to quantitative analyses of primary and secondary data, including household surveys, monitoring data, and value chain stack surveys."
Data Analyst,Color,Lagos,,,PostedPosted 26 days ago,"Develop and implement databases and data collection systems for optimal efficiency and data quality.
This role is ideal for someone with a strong foundation in…"
Data Analyst,Thornkez Concerns and Resources Limited,Lagos,,,PostedPosted 30+ days ago,"We are looking to hire a data analyst to join our data team.
Work experience as a data analyst or in a related field.
Thornkez Concerns and Resources Limited."
Data Analyst,Leaders Network,Lagos,,,PostedPosted 30+ days ago,"Data Collection: Gather, clean, and preprocess data from various sources, ensuring data quality and integrity.
IT & Telecoms NGN 150,000 - 250,000."
Market Research Analyst,Smallvest,Abuja,"₦100,000 - ₦150,000 a month",Temporary,EmployerActive 6 days ago,"The task will include gathering and analyzing data, creating reports, and communicating your findings to the team.
Salary: ₦100,000.00 - ₦150,000.00 per month."
Budget Performance Analyst,TERAWORK,Lagos,"₦200,000 a month",Full-time,EmployerActive 5 days ago,"Demonstrate proficiency in data analytics, utilizing tools and techniques to extract meaningful insights.
Possess strong analytical and statistical skills to…"
"Data Analyst (Sokoto, Ondo)",Jhpiego,Sokoto,,,PostedPosted 12 days ago,"Overview: Jhpiego seeks for a two (2) Data Analysts to support data collection, verification, management and analysis for an innovative Unitaid project that…"
Business System Analyst,Systemtech Groups,Lagos,"₦70,000 - ₦150,000 a month",Full-time,EmployerActive 6 days ago,* Analyze current business processes and make recommendations for improvement based on industry trends and professional business knowledge * Improve training…
Senior Business Analyst,Global SJX Limited,Lagos,,,EmployerActive 24 days ago,_*The Business Analyst should be the vital link between our information technology capacity and our business objectives by supporting and ensuring the…
Digital Ads Manager,talent hire,Lagos,,,EmployerActive 6 days ago,Our client is a digital marketing firm located on the island. The role is also a hybrid position with two days of remote work weekly. The salary range is 200…
Finance Analyst,KongaPay,Lagos,,,EmployerActive 7 days ago,"* Financial Analysis: Conduct financial analysis on financial statements, budgets, forecasts, and key performance indicators (KPIs). * Budgeting and…"
Chemical Analyst,Cubesquare Concepts Projects Limited,Lagos,,,EmployerActive 5 days ago,"Our client, a pharmaceutical company is seeking to hire a Chemical Analyst. 1. Sample Analysis: Chemical analysts receive samples from different sources and…"
Junior Data Analyst (Partnerships and Communications),Prodigy Finance Limited,Zamfara,,Full-time +1,PostedPosted 1 day ago,"Prodigy Finance - who are we? Prodigy Finance is a platform that delivers socially responsible financial services, making it possible for students from more…"
Outside Plant Fibre Projects Supervisor,IPNX NIGERIA LIMITED,Abuja,"₦150,000 - ₦200,000 a month",Full-time,EmployerActive 5 days ago,"The Project Supervisor will be directly responsible for and actively involved in project execution planning, monitoring and control, stakeholders engagement…"
Loan Underwriter/Credit Analyst,KC Microfinance Bank,Lagos,"₦90,000 - ₦130,000 a month",Full-time,EmployerActive 7 days ago,We are seeking a highly motivated and results-driven Loan Underwriter. You will be responsible for assessing and evaluating loan applications to determine the…
GIS Analyst,IPNX NIGERIA LIMITED,Lagos,,,EmployerActive 5 days ago,Function: Geospatial Information Data Analysis Reporting to: Head Geospatial Information Engineering Location: Lagos Travel Frequency: Occasonally Purpose of…
Pricing Analyst,JMG,Lagos,,Full-time,PostedPosted 7 days ago,We’re looking for the best people to join our innovative team. Submit your application today. Pricing Analyst Type: Full time We are looking for a pricing…
Digital Marketing Intern (Remote),Novotern EdTech,Lagos,,,EmployerActive 19 days ago,You will require the following to be able to complete your application: 1. Link to your CV 2. Link to a Video - Not more than Two (2) Minutes telling us…
Financial Analyst,BuyPower,Abuja,,,PostedPosted 30+ days ago,BuyPower is simplifying consumer payments in Nigeria starting with utilities and enabling energy access across Africa. We are building the next generation of…
UI/UX,Don-Clem Technology,Lagos,,,EmployerActive 5 days ago,We are seeking a highly skilled and experienced Senior UX/UI Designer to join our creative team and play a key role in shaping the user experience and…
Data Analyst,METAL MANUFACTURING NIGERIA LIMITED,Abeokuta,,,PostedPosted 18 days ago,"Data Analyst METAL MANUFACTURING NIGERIA LIMITED Admin & Office Abeokuta & Ogun State Full Time Manufacturing & Warehousing NGN 150,000 - 250,000 New 2 weeks…"
Accountant,Bridgegap Consults Limited,Sokoto,"₦300,000 - ₦350,000 a month",Full-time,EmployerActive 5 days ago,"The Accountant will be responsible for maintaining financial records, preparing financial statements, and managing financial information for the healthcare…"
Chief Financial Officer (CFO),LandWey Investment Limited,Lagos,,,EmployerActive 5 days ago,LND-HR-PM-014 JOB CHIEF FINANCIAL OFFICER DESCRIPTION Job Title Chief Financial Officer Location Head Office LandWey Investment Limited is a…
"Analyst, Data",Standard Bank Group,Lagos,,,PostedPosted 26 days ago,"S Analyst, Data Standard Bank Group Software & Data Lagos Full Time NGN Confidential 3 weeks ago Job Summary Job Description/Requirements Job Description…"
IT Business Analyst,Primeguage Solutions Limited,Abuja,,,EmployerActive 7 days ago,"*Job Description: * As part of the Strategic Growth Team, the IT Business Analyst is responsible for facilitating the delivery of assigned projects on time…"
Business Development intern,ValueGate Consulting,Abuja,,,PostedPosted 30+ days ago,"About Us ValueGate Consulting is a global consulting powerhouse with Engineers, Business analyst, Data analyst and Technical specialist. We began our…"
Operations Analyst,NoemDek,Lagos,,,PostedPosted 7 days ago,"This is Not a Data Analyst Role About Us NoemDek Limited is an EPC Company incorporated in Nigeria in 2012, to provide specialized services to the Oil & Gas…"
Data Analyst Assistant,Yaphi Tech Nigeria Limited,Lagos,,,PostedPosted 6 days ago,"Yaphi Tech Nigeria Limited is a Leading Lifestyle brand, essentially created to provide great quality products, from luxury wristwatches, bags, make-up,…"
Sales & Reporting Analyst,Coca-Cola Hellenic Bottling Company,Nigeria,,,PostedPosted 30+ days ago,C Sales & Reporting Analyst Coca-Cola Hellenic Bottling Company Software & Data Rest of Nigeria Full Time NGN Confidential 1 month ago Job Summary Job…
Business Analyst,Halogen Group,Ikeja,,,EmployerActive 6 days ago,"The Business Analyst is responsible for providing strategic and administrative support to Manned Guarding Leadership; preparing strategic documents,…"
Integrated Planning Analyst,ExxonMobil,Lagos,,,PostedPosted 7 days ago,"About us At ExxonMobil, our vision is to lead in energy innovations that advance modern living and a net-zero future. As one of the world’s largest publicly…"
Business Analyst (Nigeria-Remote),Token Metrics,Lagos,,Full-time,PostedPosted 25 days ago,Token Metrics is searching for a highly capable Business Analyst to optimize Data & create a visualization on Mixpanel. We are looking for a Business Analyst…
"Analyst I, Fin & Data Mgmt - Coyol",Boston Scientific Corporation,Cross River,,,PostedPosted 13 days ago,"Work mode: Hybrid Onsite Location(s): Coyol, CR Recruiter: Jeremy Fernandez Diversity - Innovation - Caring - Global Collaboration - Winning Spirit - High…"
Data Analyst and Machine Learning Engineer,Jobberman (Third Party Recruitment),Lagos,,,PostedPosted 19 days ago,"Data Analyst and Machine Learning Engineer Jobberman (Third Party Recruitment) Software & Data Lagos Full Time Banking, Finance & Insurance NGN Confidential…"
Marketing Analyst,Coca-Cola Hellenic Bottling Company,Nigeria,,,PostedPosted 30+ days ago,C Marketing Analyst Coca-Cola Hellenic Bottling Company Marketing & Communications Rest of Nigeria Full Time NGN Confidential 1 month ago Job Summary Job…
Payment Analyst,Right Stakes,Ikeja,,,PostedPosted 19 days ago,"We are a well-funded startup born to revolutionize the face of software development and entertainment industries worldwide. We take Agile seriously, and we…"
Data Analyst,RS Hunter Ltd,Yaba,,,PostedPosted 30+ days ago,"Technical expertise regarding data models, database design development, data mining and segmentation techniques.
Proven working experience in data analysis."
FINANCIAL REPORTING ANALYST,TEAM-ACE LIMITED,Lagos,"₦450,000 - ₦600,000 a month",Contract,EmployerActive 5 days ago,"Collaborate with cross-functional teams to gather necessary financial data and ensure accuracy of reported information.*.
Must have a minimum B."
Global Client Data Analyst,,Nigeria,,,PostedPosted 20 days ago,"Work with data engineers to avail data.
Evaluate and communicate data quality limitations.
3+ years of experience in data analytics.
One Acre Fund Kenya (HQ)."
Logistics Analyst,NoemDek,Lagos,,,PostedPosted 8 days ago,"Analyzing supply chain data and performance metrics to identify trends, opportunities, and areas for improvement."
REGIONAL MARKETING SPECIALIST(North East),Moniepoint,Gombe,,,PostedPosted 14 days ago,Moniepoint is an all-in-one financial services platform for emerging markets and the second-fastest growing company in Africa.
Structured Finance Analyst,Eclat Human Resource Consulting Limited.,Abuja,"₦200,000 - ₦250,000 a month",Full-time +1,EmployerActive 5 days ago,"Data Management: Collect, organize, and analyze financial and sales data from various sources, ensuring data accuracy and integrity for informed decision…"
Procurement Analyst,The Place - Smackers Limited,Lagos,,Full-time,PostedPosted 11 days ago,"Analyze data to identify problematic areas and suggest improvements.
The Place is a trademark of Smackers Limited.
We are recruiting to fill the position below:"
Investment Analysts â Africa (multiple locations).,The World Bank,Lagos,,,PostedPosted 30+ days ago,"Â¢ Ensuring the highest standards of portfolio data accuracy and preparingmonitoring reports.
Â¢ Engaging with internal teams and clients on data inquiries,…"
IT SECURITY ADMIN ANALYST (ENTRY LEVEL),GVA Partners,Lagos,,,EmployerActive 5 days ago,"Support administration analyst: 4 years (Required).
Work with cybersecurity operations team to protect assets from unauthorized access, unauthorized data…"
Venture & Investment Analyst,Eclat Human Resource Consulting Limited.,Abuja,"₦100,000 - ₦150,000 a month",Full-time +1,EmployerActive 5 days ago,"Good understanding of digital business models combined with the analytical skill set for data-based evaluation.
Job Title: Venture & Investment Analyst*."
Financial Business Analyst,Paga,Yaba,,Full-time,PostedJust posted,"Analyse business unit financial data and create financial models for decision support.
Recommend actions by analysing and interpreting data and making…"
Junior Risk Analyst,COOLBUCKS LIMITED,Lagos,,,PostedPosted 4 days ago,"Utilize quantitative and qualitative analysis to interpret data and identify trends, providing insights into potential risks.
B.Sc. in any related discipline."
Business Analyst,Beconomics Limited,Abuja,,,PostedPosted 30+ days ago,The business analyst will therefore be involved in organizational and mandate reviews to assess workforce performance and determine the relevant upskilling…
Consolidation and Reporting Analyst,Dangote Industries Limited,Nigeria,,Full-time,PostedToday,"Provision of agreed business and compliance reports and data analysis to facilitate decision-making.
Accurate review of General Ledger, maintenance of master…"
Cyber Threat Analyst,Trustwave,Plateau,,Full-time,PostedPosted 29 days ago,"Analyze and respond to security events from firewalls, IDS, IPS, SIEM, Web Application Firewall (WAF) and other security data sources within documented SLA."
Impact Investment Analyst,Sawubona Advisory Services,Lagos,"₦220,000 a month",Full-time,EmployerActive 20 days ago,"The analyst is expected to apply analytical rigour, an understanding of development gaps and capital absorption frameworks to deliver on this expectation of…"
Content developer Intern,ValueGate Consulting,Nigeria,,,PostedPosted 30+ days ago,"ValueGate Consulting is a global consulting powerhouse with Engineers, Business analyst, Data analyst and Technical specialist.
Our clients face no such issues."
Informatics System Analyst,"Palladium Group, Inc.",Nigeria,,,PostedPosted 28 days ago,5 years of experience in Business and System Analysis supporting development and implementation of digital tools specifically relating to technology and data…
Business Analyst,IPNX NIGERIA LIMITED,Lagos,,Full-time,PostedPosted 4 days ago," Review process data to determine/ensure that the output of the process are achieving the desired results.
The purpose of this job is for the Business Analyst…"
Application Analyst Intern,FHI 360,Abuja,,Full-time,PostedToday,"Provide insights from data and improve the accuracy of evaluation results.
Knowledge of data science and machine learning algorithms and techniques."
Patient Care Analyst,Helium Health,Nigeria,,Full-time,PostedPosted 13 days ago,"Ensure all relevant communications and data are updated and recorded.
The Patient Care Analyst is to provide outstanding service to our customers and potential…"
Marketing Analyst - Lagos,Kerry,Lagos,,,PostedPosted 30+ days ago,"Analysis and interpretation of market and consumer data.
Designing or assisting in the development of questionnaires and moderator guides to ensure the…"
Financial Analyst Associate I,Herbal Goodness,Abuja,,Full-time,PostedPosted 10 days ago,We are seeking a talented financial analyst with an accounting background and data analysis expertise to make a significant impact on a growing business.
Chief of Staff & Operations,Shekel Mobility,Lagos,,,PostedPosted 11 days ago,"Knowledge of data analytics, budget management and reporting.
We are seeking a dynamic and strategic Chief of Staff & Operations to work closely with me to…"
Procurement Operations Admin Analyst,Seven Up Bottling Company,Lagos,,,PostedPosted 4 days ago,"Maintaining updated records of purchases, invoices, delivery information, and other essential data.
SBC has recently entered into Home & Personal Care category…"
"Head, Data Analyst",Workforce Group,Lagos,,,PostedPosted 21 days ago,"Acquire data from primary or secondary data sources, administer and maintain databases/data systems.
The Data Analyst must have strong experience using a…"
OFFICE ADMINISTRATOR/CUSTOMER RELATIONSHIP OFFICER -Ilupeju,West Africa Vocational Education (WAVE),Lagos,"₦60,000 - ₦80,000 a month",Full-time,PostedPosted 27 days ago,"3.Study past sales data to determine trends in productivity.
1.Collect data from sales reports for analysis.
We are looking for a Sales Analyst to join our team…"
"Analyst, Business Intelligence & Strategic Projects",Daystar Power,Lagos,,,PostedPosted 30+ days ago,"Proficiency in data analysis tools and business intelligence software.
The analyst will contribute to the success of Daystar by supporting the Business…"
AI/ML Expert,Punch Digital Agency,Lagos,,Full-time,EmployerActive 5 days ago,"Work closely with data scientists and analysts to create and deploy new product features,.
This is a unique hybrid role that will focus on your knowledge of…"
Business Development Analyst,GKT Consults,Lagos,,Full-time,PostedPosted 1 day ago,"Technology Proficiency: Familiarity with data analysis tools, business intelligence software, and proficiency in Microsoft Excel.
Master’s degree is a plus."
Market Operations Analyst,NASD,Lagos,,,PostedPosted 30+ days ago,"Market data statistics capture, market trend research and report generation.
These will include market setup, monitoring, training, data maintenance, reporting,…"
GPON Deployment Supervisor- Fibre Projects,IPNX NIGERIA LIMITED,Lagos,,,EmployerActive 6 days ago,"Provide daily project work plan and activity reports to team lead/data analyst, every day, throughout the duration of the project."
Business Analyst (Management Consulting),Stantec,Abeokuta,,,PostedPosted 8 days ago,"\tAcquire data from primary or secondary data sources to update and maintain databases.
Experience in IBM/Google/Microsoft analytics tools related to data…"
Demand Operations Specialist,Mevron,Ibadan,,,PostedPosted 30+ days ago,"Work closely with data analysts to gather and interpret user data, enabling data-driven decision-making for demand-side operations."
Systems Analyst (Applications Administrator),Worley,Nigeria,,Full-time,PostedPosted 21 days ago,"Â·Maintain data import configuration.
Â·Maintain data import configuration.
Â·Performing data import to support projects that used clientâs system…"
Telesales Marketer,VeendHQ,Lagos,,,EmployerActive 15 days ago,"Analyze sales data and performance metrics to identify trends and areas for improvement.
Company Overview*: Veendhq (TechStars) is a leading startup committed…"
Logistics Personnel,NoemDek,Lagos,,Full-time,PostedPosted 8 days ago,"Provide recommendations to management based on data analysis and industry knowledge.
Analyze and evaluate logistical data to identify areas for improvement and…"
Category Analyst - Consumer Electronics - Jumia (Full Time),Jumia,Lagos,,,PostedPosted 30+ days ago,"2-4 years experience in analyzing large data sets to make strategic decisions.
Understanding all your markets, vendors and customers, bringing valuable insights…"
BUSINESS ANALYST,GVA Partners,Lagos,,Full-time,EmployerActive 5 days ago,"An ability to visualize data using presentations, diagrams, infographics.
We require the service of a highly skilled Business Analyst with experience to join…"
Fraud Manager,Quidax,Nigeria,,Full-time,PostedPosted 30+ days ago,"Utilise various data analysis and accounting tools in collecting, sorting and analysing transaction data to obtain results which reveal inconsistencies as well…"
Financial Analyst,Primeguage Solutions Limited,Abuja,,Full-time,EmployerActive 7 days ago,"Assembling and summarizing data to structure sophisticated reports on financial status and risks.
Consolidating and analyzing financial data, taking into…"
Revenue Assurance Analyst,Quidax,Nigeria,,Full-time,PostedPosted 30+ days ago,"Assist in the implementation of data stewardship and data governance activities and initiatives as required.
Our vision is to create a world where sending money…"
Reporting Analyst,Dangote Group,Lagos,,Full-time,PostedToday,"Collect and validate data from multiple sources.
Analyze data to identify trends and insights.
Ensure data integrity and accuracy in reporting."
HR Analyst,Lifemate NIgeria LImited,Abeokuta,,Full-time,PostedPosted 11 days ago,"Maintain HR data integrity by ensuring the accuracy of data input.
Manage and master data entry.
Audit HR data and troubleshoot irregularities."
Accounts Receivable Analyst,Cummins,Lagos,,,PostedPosted 15 days ago,"Experience in data analysis and reporting.
We are looking for a talented ACCOUNTS RECEIVABLE ANALYST to join our team specializing in FINANCE for our…"
Internal Audit and Risk Management Analyst,Main One,Lagos,,,PostedPosted 30+ days ago,"Analyze key financial, operational, and compliance-related data.
The Internal Audit & Risk Management Analyst will assist in conducting audits and reviews of…"
BUSINESS ANALYST,GVA Partners,Lagos,,Full-time,EmployerActive 5 days ago,"An ability to visualize data using presentations, diagrams, infographics.
The successful individual will conduct business analysis for new product releases and…"
Chief of Staff & Operations,Shekel Mobility,Lagos,,,PostedPosted 11 days ago,"Knowledge of data analytics, budget management and reporting.
We are seeking a dynamic and strategic Chief of Staff & Operations to work closely with me to…"
Supplier Intelligence Analyst,Eldotec,Kebbi,,Permanent,PostedPosted 30+ days ago,"Solid Excel and data management and analysis skills;
Increase response rates for our clients through analyzing our suppliers data."
Telesales Marketer,VeendHQ,Lagos,,,EmployerActive 15 days ago,"Analyze sales data and performance metrics to identify trends and areas for improvement.
Do you excel in creating and nurturing leads through persuasive…"
Logistics Personnel,NoemDek,Lagos,,Full-time,PostedPosted 8 days ago,"Provide recommendations to management based on data analysis and industry knowledge.
Analyze and evaluate logistical data to identify areas for improvement and…"
"Senior Analyst, Data Architecture - Nigeria",Antal International,Nigeria,,Full-time,PostedPosted 27 days ago,"Responsible for delivery of a blueprint for delivery data related solutions that meet requirements.
Assist in maintaining , supporting and upgrading existing IT…"
Analytics Engineer - Nigeria,Quacquarelli Symonds,Nigeria,,Contract,PostedPosted 30+ days ago,"At least 2+ years of experience as an data engineer, data analyst or similar (Essential).
Strong data engineering/data management capabilities and experience."
Python Data Scientist,Nucleus Health,Lagos,,Contract,EmployerActive 6 days ago,"At least 2 years of relevant experience as a data scientist.
2+ years of data analysis experience and a desire to have a significant impact on the field of…"
Full Stack Developer,Soillight Ltd.,Lagos,,,PostedPosted 20 days ago,"Work with data scientists and analysts to improve software.
Work with development teams and product managers to ideate software solutions."
"Program Associate - Sokoto, Yobe, and Zamfara",,Nigeria,,Contract,PostedPosted 19 days ago,"Support and guide project analysts in the day-to-day execution of assigned tasks;
Facilitate periodic (at least monthly) individual performance reviews and…"
"Analyst III, Business Systems - Coyol",Boston Scientific Corporation,Cross River,,,PostedPosted 11 days ago,"Develop in-depth understanding of business processes, underlying data, data structures, intelligent automation technology, and business uses of data, tools, and…"
Business Analysis Instructor - Nigeria (Remote),Eny Consulting Inc.Felix,Lagos,,Full-time,PostedPosted 30+ days ago,"Business Analysis Instructor - Nigeria (Remote).
The Business Analysis School was founded by Eno Eka, an accountant who successfully transitioned into Business…"
Category Analyst - Consumer Electronics - Jumia (Full Time),Jumia,Lagos,,,PostedPosted 30+ days ago,"2-4 years experience in analyzing large data sets to make strategic decisions.
Understanding all your markets, vendors and customers, bringing valuable insights…"
UI/UX,Don-Clem Technology,Lagos,,,EmployerActive 5 days ago,"Validate designs through data and usability testing.
Work closely with digital product and delivery teams, business analysts, developers, and adjoining teams in…"
Accounts Receivable Analyst,Cummins Inc.,Lagos,,,PostedPosted 15 days ago,"Experience in data analysis and reporting.
We are looking for a talented ACCOUNTS RECEIVABLE ANALYST to join our team specializing in FINANCE for our…"
Financial Analyst,Global PFI,Lagos,,Full-time,PostedPosted 30+ days ago,"Interactively disintermediate empowered data whereas distinctive human capital.
Distinctively fashion standardized communities vis-a-vis seamless applications."
Full Stack Developer,INFINION TECHNOLOGIES LIMITED,Lagos,,,PostedPosted 30+ days ago,"Work with data scientists and analysts to improve software.
We are a customer obsessed organisation that offers transformative technology solutions to…"
Accounts Payable Analyst,Dangote Group,Lagos,,Full-time,PostedToday,"Ensure the timely and accurate processing of Accounts Payable data.
Provide agreed business and compliance reports and analyze data to facilitate business…"
Consolidation and Reporting Analyst,Dangote Group,Lagos,,Full-time,PostedPosted 1 day ago,"Provision of agreed business and compliance reports and data analysis to facilitate decision-making.
Accurate review of General Ledger, maintenance of master…"
Software Engineer,Ibadan Electricity Distribution Company,Oyo,,,PostedPosted 3 days ago,"Working closely with other developers, UX designers, business and systems analysts.
Analysing data to effectively coordinate the installation of new systems or…"
Macroeconomic Strategist,Cordros Capital Limited,Lagos,,,PostedPosted 30+ days ago,"The role is for an analyst who is quantitative, analytical, logical, and good at managing numbers and data.
Required No. of Candidates for the Role."
"Program Associate - Bayelsa, FCT, Kebbi, Katsina",,Nigeria,,Contract,PostedPosted 14 days ago,"Support and guide project analysts in the day-to-day execution of assigned tasks.
Facilitate periodic (at least monthly) individual performance reviews and…"
Procurement Analyst/ Associate,RS Hunter Ltd,Lagos,,,PostedPosted 30+ days ago,"Maintains data information, files, reports, price lists on assigned commodities; negotiates prices and terms.
Prepares all aspects of bids, requests for quotes,…"
FINANCIAL ANALYST,TEAM-ACE LIMITED,Sokoto,"₦300,000 - ₦350,000 a month",Full-time +1,EmployerActive 5 days ago,"Consolidate and analyze financial data, taking into account company’s goals and financial standing.
Reconcile transactions by comparing and correcting data and…"
Financial Analyst,Hiikkys Hair Studio,Lagos,,Full-time,EmployerActive 8 days ago,Strong analytical skills with the ability to interpret complex financial data and provide actionable recommendations.
Dynamics 365 Business Central Business Analyst,ITC WORLDWIDE,Lagos,,,PostedPosted 30+ days ago,"The Functional Business Analyst - Microsoft Dynamics Business Central will serve as a liaison among IT, business partners, product owners, architects, data…"
"Business Analyst, Land Transportation",Dangote Group,Nigeria,,Full-time,PostedPosted 30+ days ago,"Collect and analyze data related to land transportation activities.
Your responsibilities will include collecting and analyzing data related to our land…"
Fleet Analyst,Nigeria Sinotruck Limited,Lagos,,Full-time,PostedPosted 1 day ago,"Competencies in data entry, analysis, and management.
Nigeria Sinotruck Limited is a company in the commercial automotive Industry that is interested in…"
Data Engineer,INFINION TECHNOLOGIES LIMITED,Lagos,,Full-time,PostedPosted 30+ days ago,"Liaise with data scientists and analysts to improve and provide data as required.
Build, optimize, and manage data platforms and Azure data services."
Finance/Operations Analyst,COOLBUCKS LIMITED,Lagos,,,PostedPosted 30+ days ago,"Ability to analyze and interpret financial data.
Banking, Finance & Insurance NGN 150,000 - 250,000.
This is a full-time on-site role for a Finance/Operations…"
Ongoing Recruitment at WTS Energy,WTS Energy,Lagos,,Full-time,PostedPosted 8 days ago,"Analyze well data, including drilling logs, pressure tests, and production data, to optimize well performance and identify opportunities for improvement."
Human Resources (HR) Analyst,Lifemate Nigeria Limited,Ogun,,Full-time,PostedPosted 20 days ago,"Maintain HR data integrity by ensuring the accuracy of data input.
Manage and master data entry.
Create & maintain available data glossary."
Product Manager,The Concept Group,Lagos,,Full-time,EmployerActive 5 days ago,"Must be familiar with data analysis and interpretation.
Pricing analysts are highly analytical and work with complex data from multiple sources to help an…"
T2 Planning Analyst,AB InBev,Nigeria,,Full-time,PostedPosted 25 days ago,Collaborate with the CXC core supervisor and Depots/Plants to set-up & maintain inter-related system platforms and master data maintained in SAP system and used…
Supply Chain Analyst,Elvaridah,Lagos,,Full-time,PostedPosted 14 days ago,"Utilize data analytics tools to extract insights, identify trends, and make data-driven decisions in procurement and finance activities."
Analyst - Network Business Performance,MTN Group,Lagos,,,PostedPosted 29 days ago,Reports To: Manager - Network Business Performance Division: Network Mission: To provide network analytics and insights to Network Group functions and other…
Full Stack Developer,E-direct.ng Essential Nigeria Limited,Lagos,,,PostedPosted 30+ days ago,"Work with data scientists and analysts to improve software.
Create security and data protection settings.
The Full Stack Developers work in the IT department of…"
"Finance Business Analyst, DCT",Dangote Industries Limited,Nigeria,,Full-time,PostedPosted 18 days ago,"As a Financial business analyst, you will play a key role in analyzing financial data, identifying trends, and providing insights to drive informed business…"
Recovery Officer,Wakacredit Limited,Lagos,,,PostedPosted 30+ days ago,"Numerically savvy, able to work with data, perform analysis and communicate result.
At least 5 years’ experience in commercial lending / process analyst or…"
Software Developer,Jobberman (Third Party Recruitment),Lagos,,,PostedPosted 19 days ago,"Work closely with cross-functional teams, including project managers, business analysts, and quality assurance professionals, to ensure seamless integration of…"
GPON Deployment Supervisor- Fibre Projects,IPNX NIGERIA LIMITED,Lagos,,,EmployerActive 6 days ago,"Provide daily project work plan and activity reports to team lead/data analyst, every day, throughout the duration of the project."
Consulting Sector Analyst,ILF Consulting Engineers,Lagos,,,PostedPosted 30+ days ago,"Develop and maintain comprehensive databases and models to facilitate data analysis and modeling.
Proven experience minimum of 2 years as an analyst in the…"
Finance Operations Analyst (Beauty Brand),Talentsquare,Yaba,,Permanent,PostedPosted 30+ days ago,"Advanced data analysis with proficiency in Excel and other spreadsheet tools.
Strong analytical skills with the ability to interpret complex data and…"
"Supply Chain Operations Analyst, Apapa",Dangote Group,Lagos,,,PostedPosted 9 days ago,"Excellent attention to detail and comfortably pivots into complex strategy discussions informed by data and research.
Proficiency in the use of MS Office tools."
Business Continuity Management Analyst,Main One,Lagos,,Permanent,PostedPosted 30+ days ago,"Ensure the company’s data, data systems, infrastructure and networks are recoverable in the event of a disaster.
Minimum years of Experience: 6."
Business Analyst (Cement),Dangote Group,Lagos,,,PostedPosted 30+ days ago,"Collaborate with cross-functional teams to gather and interpret data.
Analyze operational data and identify trends and opportunities for optimization."
Ongoing Recruitment at Food Concepts Plc,Food Concepts Plc,Lagos,,,PostedPosted 20 days ago,"High proficiency in data entry techniques.
Strong analytical and data gathering skills.
Type in data provided directly from customers."
Senior Credit analyst,TechnoServe,Abuja,,Full-time,PostedPosted 29 days ago,"Job Title: Senior Credit analyst.
Reporting to the Capital Investment Lead, the Senior Credit analyst will be responsible for the collection of financial…"
OFFICE ADMINISTRATOR/CUSTOMER RELATIONSHIP OFFICER -Ilupeju,West Africa Vocational Education (WAVE),Lagos,"₦60,000 - ₦80,000 a month",Full-time,PostedPosted 27 days ago,"3.Study past sales data to determine trends in productivity.
1.Collect data from sales reports for analysis.
We are looking for a Sales Analyst to join our team…"
Lead Data Analyst,Adker Recruit,Lagos,,Permanent,PostedPosted 30+ days ago,Lead point of contact and subject matter expert for obtaining all data aspects of company data and needs assessment – design the mining of information and…
FInancial/Business Analyst,RS Hunter Ltd,Lagos,,Full-time,PostedPosted 30+ days ago,"Analyze financial data to identify trends, opportunities, and potential risks.
Create data-driven reports and visualizations to support decision-makers."
Request for Proposals - Nigeria Digital Economy Country Assessment (DECA),Resonance,Lagos,,,PostedPosted 30+ days ago,"For example, the Health, Nutrition, and Population Office works with Open Data Kit (ODK) technology to support offline data collection, enabling teams to…"
Associate - Sales Analysis,SC Johnson,Lagos,,Full-time,PostedPosted 21 days ago,"Accountable for data collection, review and analysis Using automated tools to extract data from primary and secondary sources Maintaining databases, and data…"
Business Strategy Analyst,Nosagie Holdings,Benin City,,Full-time +1,EmployerActive 12 days ago,"Strong analytical and problem-solving skills, with the ability to interpret complex data sets and draw meaningful conclusions.
A master's degree is preferred."
Business development specialist,ValueGate Consulting,Abuja,,,PostedPosted 30+ days ago,"Experience analyzing complex data and creating actionable recommendations.
ValueGate Consulting is a global consulting powerhouse with Engineers, Business…"
Senior Analyst,Kedari Capital,Lagos,,,PostedPosted 30+ days ago,"Reporting to: Head, Corporate Finance & Advisory.
Sc or HND in Accounting, Economics, or Finance-related program.
Master’s Degree is an added advantage."
Compensation and Benefits Analyst,Human Resource Specialists (Nigeria),Lagos,,,PostedPosted 30+ days ago,A gas and power portfolio company needs a Compensation and Benefits Analyst to ensure employee packages are competitive and in alignment with company policies…
Senior Commercial Analyst - Jumia (Full Time),Jumia,Lagos,,Full-time,PostedPosted 30+ days ago,"Ability to analyse large data sets to make strategic decisions.
As Senior Commercial Analyst (Commercial Performance Manager), you will manage and coordinate…"
Group Finance Lead,Field Intelligence,Lagos,,,PostedPosted 30+ days ago,"Ensure data quality and process integrity as the Company grows.
Field is hiring for a Global Finance Lead to work directly with the CEO and leadership team of…"
Full Stack Developer (Front & Backend),FORT KNOX OUTSOURCING,Lagos,,Full-time,PostedToday,"Work with data and analysts to improve the software.
Create security and data protection settings.
Integration of multiple data sources and databases into one…"
Senior Product Analyst,AltexSoft,Nigeria,,,PostedPosted 30+ days ago,We are looking for a Senior Product Analyst or a strong Data analyst with a Product mindset to organize product data for a big travel company.
Driver Welfare Analyst - Osogbo,Max Drive,Osogbo,,,PostedPosted 30+ days ago,"Acquire data from primary or secondary data resources and maintain databases/data systems.
Proven experience working in / knowledge of a recruitments or analyst…"
Process Optimalization Analyst,Nosagie Holdings,Benin City,,Full-time +1,EmployerActive 12 days ago,"Proficient in using data analysis tools and software to extract insights and support decision-making.
Collaborate with cross-functional teams to gather data and…"
Finance Analyst -Lagos & Abuja,Myrtle Management Consultants,Lagos,,Permanent,PostedPosted 25 days ago,"Interpretation and analysis of financial data.
Delivering appropriate management information and reporting (financial data) ensuring data availability for…"
"Senior Consultant, Middle Africa",IQVIA,Lagos,,Full-time,PostedPosted 30+ days ago,"The Senior Consultant will take on a variety of roles that focus primarily within the following core areas: business development, client/project leadership,…"
Marketing Administrator,WorQulture,Lagos,,Full-time,EmployerActive 5 days ago,"Maintain marketing databases and assist in data analysis.
Analytical mindset with the ability to interpret data and trends."
Principal Analyst and Financial Data Mgmt (SAP expert),Boston Scientific Corporation,Cross River,,,PostedPosted 21 days ago,"Plan, organize, lead and coordinate a global diverse team for all aspects related to Ariba’s SAP PtP module: supplier enablement, catalog process, contract,…"
Data Engineer,FairMoney,Abuja,,,PostedPosted 19 days ago,"Proficiency in data principles, system and architecture, dimensional data modeling for Data Warehousing and Business Intelligence, and data governance…"
D365 F&O Administrator,ITC WORLDWIDE,Lagos,,Full-time,PostedPosted 30+ days ago,"Ability to support / troubleshoot complex integrations and data.
The ideal candidate will have knowledge of D365 F&O system, workflows, configuration (including…"
Digital Marketing Executive,Supermart.ng,Lagos,,Permanent,PostedPosted 30+ days ago,"1-3 years working in SEO, Social Media Marketing and basic Graphics Design in a data-driven marketing team.
Interview and recruit new staff and onboard them."
Power Platform Developer / RPA,ITC WORLDWIDE,Lagos,,,PostedPosted 30+ days ago,"Design secure data models using a variety of data sources (Dataverse, SharePoint, SQL, etc.).
Experience with documenting business processes and exposure to…"
Business Analysis Instructor - Nigeria (Remote),sourcenameLkZlbGl4,Lagos,,Full-time,PostedPosted 30+ days ago,"Business Analysis Instructor - Nigeria (Remote).
The Business Analysis School was founded by Eno Eka, an accountant who successfully transitioned into Business…"
"Analyst, Network Security",Standard Bank Group,Lagos,,Full-time,PostedPosted 30+ days ago,"Implementation and operation of Network security controls and management strategies to maintain the confidentiality, integrity, availability, accountability and…"
Senior Technical Advisor-Strategic Information,ICAP,Nigeria,,Full-time,PostedPosted 27 days ago,"The Senior Technical Advisor-Strategic Information will Provide direction to highly skilled surveillance specialists, including data analysts and health…"
Financial and Research Analyst,Catilas Resources Limited,Lagos,,Full-time,PostedPosted 30+ days ago,"We are currently seeking a highly motivated Financial and Research Analyst to join our team at Catilas Resources Limited. As a Financial and Research Analyst,…"
Senior Implementation Consultant,Visa,Lagos,,Permanent,PostedPosted 16 days ago,"Company Description Visa is a world leader in payments and technology, with over 259 billion payments transactions flowing safely between consumers, merchants…"
"Senior Advisor Monitoring, Evaluation, Research and Learning",Jhpiego,Abuja,,,PostedPosted 12 days ago,"Overview: Jhpiego seeks a Senior Advisor Monitoring, Evaluation, Research and Learning to provide technical leadership and strategic direction for monitoring…"
Finance Manager,Spacefinish Africa,Lagos,,Permanent,PostedPosted 30+ days ago,"Company Description Spacefinish is one of Africa’s leading Design/Build company that specialises in office spaces. We have a core team of 20 professionals,…"
IT & Data Privacy Compliance Auditor,Moniepoint,Lagos,,,PostedPosted 30+ days ago,"Who we are Moniepoint is a financial technology company digitizing Africa's real economy by building a financial ecosystem for businesses, providing them…"
Senior Knowledge Analyst- Investment Attraction,Boston Consulting Group,Lagos,,,PostedPosted 21 days ago,"WHAT YOU'LL DO As a Senior Knowledge Analyst (SKA) In a Client Focused role within BCG's Social Impact Practice Area, you will work in a growing global team,…"
BACKEND DEVELOPER,HRBP LIMITED,Lagos,,,PostedPosted 30+ days ago,"Company Description HRBP LIMITED, also known as “Human Resource Business Partners” is a Human Resource Management Consulting company, focus on delivering…"
"Senior, Information Security Analyst",Carbon,Lagos,,Full-time,PostedPosted 30+ days ago,About Carbon is a pan-African digital bank with a mission to provide friction-free finance to its customers. Carbon promises to play a fundamental role in…
RPA Developer,Next Basket,Lagos,,Full-time,PostedPosted 29 days ago,We are seeking a skilled and experienced RPA Developer to join our team. The ideal candidate will have a strong background in developing Robotic Process…
"Policy Writer, Measurement And Evaluation (M&E)",NewGlobe,Lagos,,,PostedPosted 22 days ago,"Who We Are NewGlobe supports visionary governments to transform public education systems, the cornerstone of a prosperous, equitable, and peaceful society.…"
Credit Operations Lead,Kuda Technologies Ltd,Lagos,,,EmployerActive 4 days ago,"Summary Kuda is a money app for Africans on a mission to make financial services accessible, affordable and rewarding for every African on the planet. We’re…"
Senior Process Analyst,Kuda Technologies Ltd,Lagos,,,EmployerActive 4 days ago,"Kuda is a money app for Africans on a mission to make financial services accessible, affordable and rewarding for every African on the planet. We’re a tribe…"
Lead Risk Financing Advisor - Sahel,DAI,Nigeria,,,PostedPosted 30+ days ago,"Lead Risk Financing Adviser – Sahel Background to the Centre The Centre for Disaster Protection works to prevent disasters devastating lives, by helping…"
IT SECURITY ENGINEER,GVA Partners,Lagos,,,EmployerActive 5 days ago,IT SECURITY ANALYST (ENTRY LEVEL) An exciting opportunity exists for an IT security analyst to join a dynamic project team. The resource shall be…
"Architect, Principal IT COYOL",Boston Scientific Corporation,Cross River,,,PostedPosted 30+ days ago,"Work mode: Hybrid Onsite Location(s): Coyol, A, CR Additional Locations: Costa Rica-Coyol Diversity - Innovation - Caring - Global Collaboration - Winning…"
Business Analysis Instructor - Nigeria (Remote),sourcenameLkZlbGl4,Lagos,,Full-time,PostedPosted 30+ days ago,"Business Analysis Instructor - Nigeria (Remote).
The Business Analysis School is hiring a Business Analysis Instructor in Nigeria, we are an EdTech learning…"
Product Pricing Analyst/Strategist,The Concept Group,Lagos,,Full-time,EmployerActive 5 days ago,"Must be familiar with data analysis and interpretation.
Pricing analysts are highly analytical and work with complex data from multiple sources to help an…"
Financial and Research Analyst,Catilas Resources Limited,Lagos,,Full-time,PostedPosted 30+ days ago,"You will be working closely with the senior management team to analyze financial data, assess financial performance, identify trends, and develop financial…"
"Compensation and Benefits Specialist (Johannesburg, South Africa or Nairobi, Kenya)",Genesis,Zamfara,,Full-time,PostedPosted 12 days ago,"Proficiency in data analysis and advanced Excel skills.
Data Analysis and Reporting - Collect and analyse compensation data from various sources to support…"
Full-Stack Engineer - Integrations team (.NET/C# + JavaScript/TypeScript + HTML),Deel,Nigeria,,Full-time,PostedPosted 13 days ago,"Unit test applications in accordance with established standards using real sample data sets before checking in the code.
Rest of Nigeria Full Time."
"Lead , Business Intelligence Engineer",NewGlobe,Lagos,,,PostedPosted 30+ days ago,"Contribute to the effective data governance of business data, including data quality, data management, data policies, business process management, and risk…"
Business Head – Industrial Gases Ltd.,ExcelMinds Services,Lagos,,,PostedPosted 30+ days ago,Candidate requirements: Minimum 2-4 years in SFA software data management or equivalent data migration and should have an understanding of the sales force data…
Systems Analyst,Believe Resourcing,Abuja,,Full-time,PostedPosted 15 days ago,"Develop detailed system specifications, including data models, process flows, and system interfaces.
Our client is a leading, global digital transformation…"
HR Operations Analyst,Dangote Group,Lagos,,Full-time,PostedPosted 30+ days ago,"Strong analytical skills and proficiency in HR data analysis.
Analyze HR data to identify trends, patterns, and areas for improvement."
Corporate Finance & Accounting Manager,DRYVA DIGITAL MOBILITY SOLUTIONS LTD.,Lagos,,Full-time,EmployerActive 19 days ago,"Maintain integrity of data/numbers at all times.
Work with the CFO on tax matters, and lead a team of analysts for Finance & Accounting operations."
OFFICE SALES ANALYST/ REPRESENTATIVE- Ilupeju lagos,West Africa Vocational Education (WAVE),Lagos,"₦60,000 - ₦80,000 a month",Full-time,EmployerActive 5 days ago,"3.Study past sales data to determine trends in productivity.
1.Collect data from sales reports for analysis.
We are looking for a Sales Analyst to join our team…"
IT Services Marketing Manager,ITC WORLDWIDE,Abuja,,Full-time,PostedPosted 12 days ago,"Strong analytical skills and data-driven thinking.
ITC WORLDWIDE is seeking a dynamic and experienced IT Services Marketing Manager Abuja, CBD, FCT, NG (onsite)…"
Work Flow Automation Developer,Oscar Temple,Lagos,,Full-time,EmployerActive 5 days ago,"Create attractive, responsive, and data-driven workflow applications.
Work hand in hand with business analysts and solution architects to produce a functional…"
Senior Data Engineer,Reliance Health,Lagos,,Full-time,EmployerActive 5 days ago,Experience in implementing data protection measures to protect consumers' personal data and privacy against data loss or exposure.
Head of Investments,Deloitte Human Capital Consulting West Africa,Lagos,,Full-time,PostedPosted 30+ days ago,"Work closely with investment analysts to assess financial information and investment opportunities.
Use complex financial models to project future earning and…"
Crypto Investment Analyst (Nigeria-Remote),Token Metrics,Lagos,,Full-time,PostedPosted 25 days ago,"Proficiency in using analytics tools and platforms to gather and interpret data.
Analytical: Strong analytical and financial analysis skills; an ability to…"
"Engineering Manager, Telecom Solutions",CrossBoundary,Lagos,,,PostedPosted 30+ days ago,"Experienced power system modeler and analyst, with experience determining size, storage and system configurations for hybrid power systems."
"Finance Business Analyst, DCT",Dangote Group,Ogun,,Full-time,PostedPosted 19 days ago,"As a Financial business analyst, you will play a key role in analyzing financial data, identifying trends, and providing insights to drive informed business…"
"Senior Product Manager - Nerve (Lagos, Nigeria)",Kuda Technologies Ltd,Lagos,,Full-time,EmployerActive 9 days ago,"You will collaborate with engineers, designers, data analysts, and other stakeholders to deliver high-quality solutions to Kuda's customers."
Robotic Process Automation (RPA),Oscar Temple,Lagos,,Full-time,EmployerActive 5 days ago,∙Collaborate with business analysts and stakeholders to understand business processes and identify automation.
Accounting Operations Manager,Deloitte Human Capital Consulting West Africa,Ibadan,,,PostedPosted 30+ days ago,"Manage a team of analysts and officers to achieve the aforementioned functions.
Acts as liaison to external auditors by explaining journal entries and financial…"
SAP Support Officer (Human Resources Management),Dangote Group,Lagos,,Full-time,PostedPosted 30+ days ago,"Detailed knowledge of the SAP HCM master data.
The resource(s) would join our team of professionals to support the daily SAP operations of the business and SAP…"
Full-Stack Engineer - NextGen (.NET/Vue),Deel,Nigeria,,Full-time,PostedPosted 14 days ago,"Unit test applications in accordance with established standards using real sample data sets before checking in the code.
Rest of Nigeria Full Time."
